x,y
1.72E-05,6.05E-05
1.72E-05,6.05E-05
1.72E-05,6.06E-05
1.73E-05,6.06E-05
1.73E-05,6.06E-05
1.73E-05,6.06E-05
1.73E-05,6.06E-05
1.73E-05,6.07E-05
1.73E-05,6.07E-05
1.73E-05,6.07E-05
1.73E-05,6.07E-05
1.73E-05,6.07E-05
1.73E-05,6.08E-05
1.73E-05,6.08E-05
1.73E-05,6.08E-05
1.73E-05,6.08E-05
1.73E-05,6.08E-05
1.74E-05,6.09E-05
1.74E-05,6.09E-05
1.74E-05,6.09E-05
1.74E-05,6.09E-05
1.74E-05,6.09E-05
1.74E-05,6.10E-05
1.74E-05,6.10E-05
1.74E-05,6.10E-05
1.74E-05,6.10E-05
1.74E-05,6.10E-05
1.74E-05,6.10E-05
1.74E-05,6.11E-05
1.74E-05,6.11E-05
1.74E-05,6.11E-05
1.74E-05,6.11E-05
1.75E-05,6.11E-05
0.000513839,6.17E-05
0.002032545,6.25E-05
0.004242806,6.65E-05
0.007013268,8.46E-05
0.010299609,0.000131486
0.013510406,0.000209652
0.016720228,0.000319888
0.020026036,0.000465748
0.023233049,0.000639086
0.026438193,0.000844052
0.029738181,0.001088282
0.032938575,0.001357385
0.036136158,0.001658038
0.03942737,0.00200077
0.04261829,0.002365387
0.045805458,0.002761455
0.049084956,0.003202381
0.052263554,0.003662184
0.055437463,0.004153313
0.058702319,0.004692038
0.061865757,0.005246617
0.065023572,0.005832368
0.068270872,0.00646841
0.071416326,0.00711727
0.074555228,0.007797119
0.077782073,0.008529912
0.080906735,0.009272473
0.084023922,0.010045814
0.087227432,0.010874703
0.090328512,0.011710302
0.093421202,0.012576445
0.096598516,0.013500691
0.099673247,0.014428583
0.102738678,0.015386755
0.105886961,0.016405533
0.108932597,0.01742489
0.111968035,0.018474236
0.115084476,0.019586638
0.118098299,0.020696552
0.121101032,0.021836136
0.12418285,0.023041169
0.127162178,0.02424066
0.130129535,0.025469467
0.133173986,0.026766058
0.136116152,0.028054036
0.139045476,0.029370969
0.142049837,0.030757959
0.144952215,0.032133284
0.147840894,0.033537167
0.150802482,0.035013319
0.153662482,0.036474764
0.156507936,0.037964346
0.159424108,0.039528344
0.162239177,0.041074605
0.165038866,0.042648559
0.167907022,0.044299011
0.170674655,0.045928747
0.173425899,0.047585382
0.176243224,0.049320654
0.178960687,0.051032192
0.181661137,0.052770457
0.184425346,0.054589172
0.187090444,0.056381177
0.189737735,0.058199388
0.192446352,0.060099918
0.1950567,0.061970787
0.197648467,0.063867318
0.200299072,0.065847964
0.202852339,0.067796026
0.205386266,0.069769183
0.20797649,0.071828176
0.210470395,0.07385169
0.212944218,0.075899708
0.215471748,0.078035208
0.217904062,0.080132365
0.220315572,0.082253416
0.22277815,0.084463514
0.2251467,0.08663244
0.227493742,0.088824628
0.229889168,0.09110735
0.232191839,0.093346107
0.234472316,0.095607472
0.236798449,0.097960777
0.239033184,0.100267364
0.241245058,0.102595886
0.243499822,0.105017672
0.245664623,0.107390028
0.247805919,0.109783626
0.249987298,0.112271728
0.252080232,0.114707734
0.254149037,0.117164269
0.256255083,0.119716463
0.258274281,0.122213941
0.260268746,0.124731218
0.262297577,0.127345224
0.264241234,0.129901943
0.266159578,0.132477711
0.268109382,0.135151194
0.269975762,0.137764868
0.271816272,0.140396827
0.273685307,0.143127397
0.275472742,0.14579569
0.277233773,0.148481488
0.279020369,0.151266704
0.280727264,0.153987233
0.282407242,0.156724469
0.284109803,0.159561843
0.285734632,0.162332176
0.287332057,0.165118404
0.288949063,0.1680054
0.290490375,0.170823062
0.29200382,0.173655791
0.293533826,0.176589829
0.294990243,0.179452301
0.296418356,0.182329001
0.297859995,0.18530746
0.299230218,0.188212184
0.300571723,0.191130284
0.301923708,0.194150501
0.303206511,0.197094882
0.304460211,0.200051774
0.305721334,0.20311105
0.306915573,0.206092456
0.308080347,0.209085498
0.309249481,0.2121811
0.310354089,0.215196868
0.311428898,0.218223385
0.312505,0.221352546
0.31351899,0.224399981
0.314502874,0.227457269
0.315484983,0.230617193
0.31640745,0.233693571
0.31729953,0.236778898
0.318186769,0.239966763
0.31901689,0.243069335
0.31981637,0.246179944
0.320607947,0.2493929
0.32134498,0.252518895
0.322051147,0.255652007
0.322746356,0.258887184
0.323389645,0.262033808
0.324001867,0.265186623
0.324600088,0.26844113
0.325149058,0.271605573
0.325678225,0.274722554
0.326355359,0.278336555
0.327191651,0.282823611
0.328113606,0.288264231
0.329183764,0.29468625
0.330320528,0.301252472
0.331504343,0.307809652
0.332772456,0.314556609
0.334050206,0.321096142
0.335373021,0.327624684
0.33678256,0.334341392
0.338195858,0.340850901
0.339652519,0.347348856
0.34119823,0.354033444
0.342742014,0.360511209
0.344327508,0.366976959
0.346004279,0.373627843
0.347673641,0.380072404
0.349383115,0.386504564
0.351186,0.393120392
0.352976192,0.399530511
0.354804951,0.405927907
0.356729167,0.41250754
0.358635598,0.418882177
0.360579107,0.425243832
0.362620035,0.431786325
0.364638274,0.438124625
0.366692154,0.444449737
0.368845335,0.450954324
0.370971106,0.457255596
0.373131134,0.463543527
0.375392267,0.470009602
0.377621447,0.47627331
0.37988355,0.482523566
0.382248491,0.488950671
0.384577106,0.495176415
0.386937362,0.501388639
0.389402119,0.507776448
0.391826343,0.513963952
0.394280973,0.520137908
0.396841701,0.526486215
0.399357849,0.532635319
0.401903217,0.538770877
0.404556216,0.545079585
0.407160744,0.551190229
0.40979335,0.55728736
0.412535061,0.563556471
0.415224559,0.569628686
0.417941037,0.575687449
0.420768037,0.581917053
0.423539224,0.587950954
0.426336338,0.593971487
0.429245336,0.600161754
0.432095061,0.60615753
0.434969701,0.612140045
0.437957533,0.618291215
0.440882766,0.624249122
0.443831943,0.630193893
0.44689557,0.63630627
0.449893401,0.642226623
0.452914242,0.648133984
0.456050746,0.654207928
0.459118378,0.660091095
0.462208126,0.665961427
0.465414702,0.67199735
0.468549452,0.677843745
0.471705458,0.683677475
0.474979413,0.689675832
0.478178702,0.69548591
0.481398422,0.701283504
0.484737171,0.707244787
0.487998523,0.713019037
0.491279517,0.718780996
0.494680577,0.724705731
0.498001616,0.730444674
0.501341537,0.736171526
0.504802526,0.742060267
0.50818097,0.747764451
0.511577568,0.75345675
0.515096198,0.759310075
0.518529857,0.76498007
0.521980972,0.770638392
0.525555046,0.776456903
0.529041818,0.782093296
0.532545375,0.787718235
0.536172787,0.793502549
0.539710654,0.799105947
0.543264664,0.804698112
0.546943389,0.810448861
0.550530415,0.816019882
0.554132967,0.821579893
0.557861066,0.827297722
0.561495392,0.832836993
0.565144654,0.838365482
0.568920262,0.844051043
0.572600106,0.849559201
0.576294317,0.855056805
0.580115647,0.860710756
0.583839295,0.866188443
0.587576768,0.871655804
0.591442102,0.877278809
0.595207913,0.882726669
0.598987024,0.888164432
0.602894717,0.893757156
0.606701111,0.899175835
0.610520306,0.904584645
0.614468773,0.910147754
0.618314237,0.915537899
0.622172021,0.920918401
0.626159745,0.926452559
0.630042825,0.931814815
0.633937763,0.937167653
0.637963285,0.942673523
0.641882585,0.948008531
0.6458133,0.953334346
0.649875221,0.958812587
0.6538294,0.964120986
0.65779457,0.969420415
0.661891546,0.97487168
0.665879318,0.980154104
0.669877674,0.985427778
0.674008413,0.990852717
0.678028543,0.996109794
0.682058864,1.001358338
0.686222129,1.006757594
0.690273429,1.011989946
0.694334546,1.017213979
0.698529145,1.022588186
0.702610477,1.027796425
0.706701264,1.032996557
0.710926054,1.038346342
0.715036322,1.043531075
0.719155699,1.048707909
0.723409581,1.05403389
0.727547734,1.059195713
0.731694663,1.064349842
0.735976582,1.069652627
0.740141608,1.074792128
0.74431509,1.079924137
0.748624031,1.085204324
0.752814959,1.090322082
0.757014036,1.095432545
0.761349025,1.100690724
0.765564921,1.105787306
0.769788671,1.110876789
0.774148771,1.116113538
0.778388738,1.121189505
0.782636276,1.126258561
0.787020585,1.13147445
0.791283761,1.136530348
0.795554235,1.141579523
0.799961889,1.146775109
0.804247445,1.151811478
0.808540037,1.156841306
0.812970203,1.162017136
0.817277342,1.167034502
0.821591265,1.172045507
0.826043144,1.177202117
0.830371099,1.182200997
0.834705597,1.187193692
0.839178417,1.192331606
0.843526451,1.197312505
0.847880796,1.202287391
0.852373819,1.207407123
0.856741223,1.212370536
0.861114713,1.217328103
0.865627226,1.222430154
0.870013317,1.227376565
0.874405279,1.232317294
0.878936596,1.237402155
0.883340718,1.242332036
0.887750504,1.247256395
0.892299965,1.252324546
0.896721486,1.25723836
0.901148471,1.262146807
0.905715443,1.267198716
0.910153754,1.272096914
0.914597339,1.276989897
0.91918121,1.282026022
0.923635727,1.286909045
0.928095333,1.291787001
0.932695516,1.29680779
0.937165676,1.301676067
0.941640747,1.306539424
0.946256676,1.311545312
0.950741936,1.316399264
0.955231937,1.321248438
0.959863068,1.32623985
0.964362907,1.331079887
0.968867322,1.335915282
0.973513129,1.340892634
0.978027044,1.345719154
0.982545378,1.350541167
0.987205356,1.355504862
0.991732862,1.360318254
0.996264635,1.36512727
1.000938297,1.370077701
1.005478929,1.374878344
1.010023679,1.379674738
1.014710557,1.384612289
1.019263864,1.389400552
1.023821148,1.394184689
1.028520789,1.399109734
1.033086338,1.403885976
1.037655727,1.408658213
1.042367696,1.413571115
1.046945069,1.418335687
1.051526152,1.42309637
1.056250029,1.427997484
1.060838825,1.432750726
1.065431203,1.437500194
1.070166584,1.442389864
1.074766415,1.447132108
1.079369707,1.45187069
1.084116202,1.456749253
1.088726694,1.461480822
1.09334053,1.466208838
1.098097764,1.47107662
1.102718558,1.475797829
1.107342582,1.480515589
1.112110192,1.485372908
1.11674094,1.490084062
1.121374809,1.494791869
1.126152446,1.499639033
1.130792813,1.504340429
1.135436196,1.509038577
1.140223522,1.513875887
1.144873184,1.518567813
1.14952576,1.523256588
1.15432245,1.528084336
1.158981096,1.532767073
1.163642556,1.537446752
1.168448295,1.542265221
1.173115623,1.546939042
1.17778567,1.551609896
1.182600156,1.556419363
1.187275875,1.561084533
1.191954221,1.565746825
1.19677716,1.570547557
1.20146099,1.575204335
1.206147519,1.579858396
1.210978885,1.584650645
1.215670889,1.589299185
1.220365587,1.593945004
1.225205366,1.598728757
1.229905531,1.603369046
1.234608385,1.608006608
1.239456562,1.61278185
1.244164872,1.617413873
1.248875868,1.622043165
1.253732428,1.626809881
1.258448871,1.631433624
1.263167994,1.636054631
1.268032922,1.640812806
1.272757482,1.645428255
1.277484718,1.650040963
1.282357999,1.654790582
1.287090662,1.659397721
1.291825995,1.664002115
1.296707614,1.668743163
1.301448364,1.673341979
1.30619178,1.677938044
1.311081721,1.682670507
1.315830544,1.687260984
1.320582027,1.691848707
1.325480276,1.696572568
1.330237156,1.701154693
1.334996692,1.705734059
1.339903233,1.710449306
1.344668156,1.715023064
1.349435731,1.719594059
1.354350548,1.724300676
1.3591235,1.728866055
1.363899098,1.733428665
1.368822177,1.738126638
1.373603144,1.742683623
1.378386751,1.747237834
1.383318078,1.75192715
1.388107044,1.756475727
1.392898647,1.761021526
1.397838206,1.76570217
1.402635157,1.770242325
1.40743474,1.774779697
1.412382516,1.779451655
1.417187438,1.783983374
1.421994987,1.788512306
1.426950965,1.793175561
1.431763842,1.79769883
1.436579341,1.802219307
1.441543505,1.806873846
1.446364322,1.81138865
1.451187757,1.815900657
1.456160091,1.820546466
1.460988833,1.825052791
1.465820188,1.829556315
1.470800677,1.834193378
1.475637329,1.838691211
1.480476588,1.843186237
1.485465217,1.847814541
1.490309764,1.852303866
1.495156913,1.856790382
1.500153666,1.861409912
1.505006093,1.865890717
1.509861118,1.870368708
1.514865979,1.874979451
1.519726272,1.879451723
1.524589157,1.883921175
1.529602112,1.888523116
1.534470256,1.892986841
1.539340987,1.897447742
1.544362021,1.902040867
1.549238,1.906496031
1.554116563,1.910948367
1.55914566,1.915532662
1.564029461,1.919979251
1.568915839,1.924423007
1.573952984,1.928998458
1.578844591,1.933436459
1.58373877,1.937871621
1.588783946,1.942438214
1.593683343,1.946867611
1.598585308,1.951294166
1.6036385,1.955851885
1.608545672,1.960272666
1.613455406,1.9646906
1.618516599,1.969239432
1.62343153,1.973651582
1.628349019,1.978060881
1.633418195,1.982600811
1.638340871,1.987004317
1.643266099,1.991404967
1.648343244,1.995935983
1.653273649,2.000330831
1.658206601,2.00472282
1.663291699,2.009244906
1.668229818,2.013631084
1.67317048,2.018014398
1.678263516,2.022527542
1.683209334,2.026905036
1.68815769,2.031279661
1.693258649,2.035783849
1.698212152,2.040152646
1.703168187,2.044518569
1.708277052,2.049013787
1.713238224,2.053373873
1.718201924,2.057731081
1.72331868,2.062217314
1.728287506,2.066568676
1.733258854,2.070917155
1.738383486,2.07539439
1.74335995,2.079737012
1.748338931,2.084076749
1.753471421,2.088544971
1.758455507,2.092878842
1.763442105,2.097209821
1.768582437,2.101669017
1.77357413,2.105994123
1.77856833,2.110316332
1.783716489,2.114766488
1.788715773,2.119082815
1.793717559,2.123396241
1.798873529,2.127837343
1.803880388,2.132144878
1.808889745,2.136449508
1.814053509,2.140881543
1.81906793,2.145180273
1.824084842,2.149476094
1.829256386,2.153899048
1.834278351,2.15818896
1.839302804,2.162475959
1.844482112,2.166889819
1.849511608,2.1711709
1.854543585,2.175449064
1.859730641,2.179853816
1.864767652,2.184126053
1.869807139,2.188395368
1.875001927,2.192790999
1.880046437,2.197054379
1.885093419,2.201314832
1.890295922,2.205701328
1.895347915,2.209955836
1.900402375,2.214207414
1.905612577,2.21858476
1.910672038,2.222830384
1.91573396,2.227073073
1.920951845,2.231441257
1.926018757,2.235677983
1.931088125,2.23991177
1.936313676,2.244270777
1.941388024,2.248498593
1.946464822,2.252723464
1.951698024,2.257073283
1.956779792,2.261292174
1.961864005,2.265508118
1.967104841,2.269848734
1.972194013,2.274058689
1.977285626,2.278265693
1.98253408,2.282597092
1.987630642,2.286798098
1.992729638,2.290996149
1.997985695,2.29531832
2.00308963,2.299510364
2.008195996,2.303699448
2.013459639,2.308012377
2.018570932,2.312195447
2.023684651,2.316375552
2.028955864,2.320679225
2.0340745,2.324853307
2.039195556,2.32902442
2.044474323,2.333318824
2.049600285,2.337483905
2.054718601,2.341643089
2.059989499,2.345930854
2.065102874,2.350095578
2.07021382,2.354263335
2.075477085,2.358560527
2.080583061,2.362734375
2.085686585,2.366911221
2.090942197,2.371217772
2.096040739,2.375400699
2.101136826,2.379586619
2.106384768,2.383902515
2.111475861,2.388094508
2.116564493,2.39228949
2.121804749,2.396614717
2.126888377,2.400815762
2.131969538,2.405019792
2.137202091,2.409354335
2.142278237,2.413564419
2.14735191,2.417777482
2.152576742,2.422121328
2.157645389,2.426340436
2.162711558,2.430562519
2.167928653,2.434915654
2.172989785,2.439143773
2.178048433,2.443374862
2.183257775,2.447737273
2.188311375,2.451974389
2.193362487,2.456214472
2.198564057,2.460586144
2.203610111,2.464832246
2.20865367,2.469081309
2.213847454,2.473462229
2.218885945,2.477717303
2.223921936,2.481975334
2.229107918,2.486365489
2.234138831,2.490629521
2.239167239,2.494896507
2.244345403,2.499295883
2.249368722,2.503568861
2.254389532,2.507844788
2.259559861,2.512253372
2.264575571,2.516535282
2.269588767,2.520820136
2.274751246,2.525237913
2.279759331,2.529528742
2.284764896,2.53382251
2.289919507,2.538249465
2.294919951,2.542549197
2.299917869,2.546851865
2.305064596,2.551287985
2.310057382,2.555596607
2.315047637,2.55990816
2.320186463,2.564353429
2.325171575,2.568670927
2.33015415,2.572991351
2.335285058,2.577445756
2.34026248,2.581772117
2.34523736,2.586101399
2.350360334,2.590564926
2.35533005,2.594900135
2.360297219,2.599238262
2.365412243,2.603710897
2.370374237,2.608054942
2.37533368,2.6124019
2.380440739,2.616883629
2.385394996,2.621236497
2.390346698,2.625592273
2.395445775,2.630083083
2.400392281,2.634444759
2.405336226,2.63880934
2.410427307,2.643309217
2.415366046,2.647679689
2.420302219,2.65205306
2.425385287,2.656561989
2.430316244,2.660941242
2.435244629,2.66532339
2.440319668,2.669841357
2.445242827,2.674229377
2.450163408,2.678620287
2.455230401,2.683147276
2.460145745,2.687544049
2.465058507,2.691943707
2.470117438,2.696479704
2.475024951,2.700885215
2.479929877,2.705293606
2.484980729,2.709838596
2.489880396,2.714252831
2.494777471,2.718669942
2.499820227,2.723223911
2.504712033,2.727646857
2.50960124,2.732072673
2.514635886,2.736635607
2.519519814,2.741067249
2.524401138,2.745501758
2.529427658,2.750073643
2.534303693,2.754513968
2.539177121,2.758957156
2.544195499,2.763537978
2.549063627,2.767986972
2.553929143,2.772438825
2.558939364,2.77702857
2.56379957,2.78148622
2.568657158,2.785946724
2.573659207,2.790545377
2.578511476,2.795011669
2.583361122,2.799480809
2.588354982,2.804088356
2.593199298,2.808563275
2.598040986,2.813041037
2.603026642,2.817657462
2.607862989,2.822140993
2.612696704,2.826627363
2.617674138,2.831252651
2.622502501,2.83574478
2.627328226,2.840239743
2.632297424,2.844873879
2.637117786,2.849374591
2.641935506,2.853878132
2.64689645,2.858521101
2.651708797,2.863030382
2.656518496,2.867542487
2.661471171,2.872194276
2.666275488,2.876712111
2.671077151,2.881232767
2.676021542,2.88589336
2.680817813,2.890419736
2.685611425,2.894948928
2.690547517,2.899618312
2.695335727,2.904153216
2.700121274,2.90869093
2.705049051,2.91336909
2.709829187,2.917912506
2.714606655,2.92245873
2.719526102,2.927145651
2.724298148,2.931697566
2.729067521,2.936252284
2.733978623,2.940947951
2.738742564,2.945508351
2.743503827,2.950071548
2.748406569,2.954775946
2.75316239,2.959344815
2.757915528,2.963916476
2.762809892,2.96862959
2.767557577,2.973206914
2.772302575,2.977787024
2.777188546,2.982508838
2.78192808,2.987094601
2.786664921,2.991683146
2.791542484,2.996413645
2.796273851,3.001007833
2.801002521,3.005604798
2.805871659,3.010343967
2.810594845,3.014946565
2.815315328,3.019551936
2.820176027,3.02429976
2.824891016,3.028910755
2.829603298,3.033524516
2.834455542,3.038280982
2.839162321,3.042900358
2.843866387,3.047522498
2.848710162,3.05228759
2.853408716,3.056915334
2.858104552,3.061545836
2.862939843,3.06631954
2.867630157,3.070955638
2.872317749,3.075594489
2.87714454,3.080376789
2.8818266,3.085021225
2.886505933,3.08966841
2.89132421,3.094459291
2.895998001,3.099112051
2.90066906,3.103767554
2.905478806,3.108567001
2.910144313,3.113228069
2.914816188,3.117895747
2.919632862,3.122702716
2.924310588,3.127365572
2.928990993,3.132025737
2.933816028,3.136824303
2.938501865,3.141479001
2.943190376,3.146131004
2.948023758,3.150921158
2.952717693,3.155567686
2.957414298,3.160211516
2.962256013,3.164993244
2.966958032,3.16963159
2.971662715,3.174267233
2.976512749,3.179040522
2.981222837,3.183670672
2.985935584,3.188298115
2.990793922,3.193062949
2.995512065,3.19768489
3.000232862,3.202304118
3.005099489,3.207060484
3.009825672,3.211674201
3.014554505,3.216285201
3.019429406,3.221033085
3.024163614,3.225638563
3.028900468,3.230241321
3.033783628,3.234980708
3.038525848,3.239577935
3.043270709,3.244172436
3.048162113,3.248903312
3.05291233,3.253492274
3.057665183,3.258078505
3.062564818,3.262800856
3.067323018,3.26738154
3.07208385,3.271959488
3.076991699,3.2766733
3.081757869,3.281245691
3.086526665,3.285815342
3.091442716,3.290520601
3.096216841,3.295084686
3.100993587,3.299646026
3.105917824,3.304342718
3.110699889,3.308898482
3.115484571,3.313451498
3.12041698,3.318139607
3.125206971,3.322687037
3.129999574,3.327231714
3.134940138,3.331911226
3.139738039,3.336450308
3.144538549,3.340986631
3.149487253,3.345657532
3.154293051,3.350188251
3.159101451,3.354716207
3.164058281,3.359378483
3.16887196,3.363900826
3.173688237,3.368420401
3.178653177,3.373074037
3.183474723,3.37758799
3.188298862,3.382099171
3.193271897,3.386744153
3.198101295,3.391249702
3.202933281,3.395752475
3.207914396,3.400388791
3.212751632,3.404885923
3.217591451,3.409380275
3.222580632,3.41400791
3.227425691,3.418496612
3.23227333,3.422982529
3.237270561,3.427601469
3.24212343,3.432081728
3.246978873,3.436559197
3.25198414,3.441169428
3.256844804,3.445641229
3.261708036,3.450110236
3.266721324,3.454711744
3.271589767,3.459175074
3.276460774,3.463635605
3.281482067,3.468228376
3.286358275,3.472683221
3.291237041,3.477135262
3.296266324,3.481719281
3.301150281,3.486165627
3.306036792,3.490609165
3.311074048,3.495184418
3.31596574,3.499622252
3.32085998,3.504057273
3.325905195,3.508623746
3.330804606,3.513053054
3.335706561,3.517479545
3.340759719,3.522037225
3.345666835,3.526457994
3.350576489,3.530875942
3.355637576,3.535424815
3.360552381,3.539837032
3.365469721,3.544246423
3.370538721,3.548786476
3.375461202,3.553190127
3.380386213,3.557590949
3.385463111,3.562122168
3.390393253,3.566517241
3.39532592,3.57090948
3.400410701,3.575431852
3.405348489,3.579818333
3.410288797,3.584201976
3.415381446,3.588715486
3.420326865,3.593093362
3.425274799,3.597468395
3.430375299,3.601973029
3.435328334,3.606342286
3.440283879,3.610708695
3.445392215,3.615204441
3.45035285,3.619565065
3.45531599,3.623922837
3.460432147,3.628409679
3.465400367,3.632761657
3.470371087,3.63711078
3.475495048,3.641588705
3.480470838,3.645932024
3.485449123,3.650272483
3.490580872,3.654741478
3.495564217,3.659076125
3.500550052,3.663407908
3.505689575,3.667867959
3.51068046,3.672193921
3.51567383,3.676517015
3.520821111,3.680968109
3.525819521,3.685285374
3.530820411,3.689599766
3.535975435,3.69404189
3.540981356,3.698350445
3.545989751,3.702656122
3.551152503,3.707089263
3.556165919,3.711389093
3.561181805,3.715686042
3.566352269,3.720110187
3.571373164,3.72440128
3.576396525,3.728689488
3.581574685,3.733104621
3.586603046,3.737386965
3.591633866,3.741666418
3.596819706,3.746072527
3.601855515,3.750346107
3.606893779,3.754616792
3.612087283,3.759013863
3.617130525,3.763278667
3.622176217,3.767540571
3.627377369,3.771928591
3.632428029,3.776184605
3.637481134,3.780437716
3.642689918,3.784816671
3.647747981,3.789063882
3.652808483,3.793308187
3.658024884,3.797678064
3.663090334,3.801916461
3.668158219,3.806151947
3.673382221,3.810512734
3.678455043,3.814742304
3.683530295,3.818968958
3.688761883,3.823320641
3.693842062,3.827541371
3.698924667,3.831759181
3.704163824,3.836101748
3.709251346,3.840313625
3.714341288,3.844522578
3.719587999,3.848856015
3.724682848,3.853059027
3.729780111,3.85725911
3.73503436,3.861583404
3.74013652,3.865777537
3.745241089,3.869968737
3.75050286,3.874283874
3.755612315,3.878469115
3.760724174,3.88265142
3.76599345,3.886957387
3.771110184,3.891133724
3.776229317,3.895307119
3.781506082,3.899603903
3.78663008,3.903771323
3.791756472,3.907935797
3.79703032,3.912220462
3.802146615,3.916381605
3.807260327,3.920545724
3.812526362,3.924839262
3.817634954,3.929009656
3.822741102,3.933183169
3.827999381,3.937486334
3.833100478,3.941666022
3.838199164,3.945848779
3.843449791,3.950161415
3.848543494,3.954350244
3.853634738,3.958542059
3.858877688,3.962864023
3.863963935,3.9670619
3.869047718,3.97126276
3.874282976,3.975594038
3.87936175,3.97980095
3.884438056,3.984010842
3.889665604,3.98835142
3.894736891,3.992567356
3.899805704,3.996786266
3.905025527,4.001136132
3.91008931,4.005361077
3.915150614,4.009588993
3.920362696,4.013948133
3.92541896,4.018182076
3.930472741,4.022418984
3.935677065,4.026787385
3.940725795,4.031030312
3.945772036,4.0352762
3.950968587,4.039653848
3.956009768,4.043905746
3.961048453,4.0481606
3.966237215,4.052547481
3.971270829,4.056808335
3.976301943,4.061072142
3.981482898,4.065468241
3.98650893,4.069738038
3.991532456,4.074010783
3.996705588,4.078416086
4.001724021,4.082694812
4.006739943,4.08697648
4.011905234,4.091390974
4.016916051,4.095678614
4.021924353,4.099969194
4.027081787,4.104392863
4.032084973,4.108689405
4.037085638,4.112988881
4.042235198,4.117421712
4.047230737,4.121727142
4.05222375,4.126035503
4.057365421,4.130477482
4.062353297,4.134791787
4.067338642,4.139109018
4.072472408,4.143560133
4.077452606,4.1478833
4.082430268,4.152209388
4.087556113,4.156669624
4.092528619,4.161001639
4.097498583,4.165336572
4.102616491,4.169805916
4.107581289,4.174146766
4.11254354,4.178490529
4.117653495,4.182968966
4.122610569,4.187318637
4.12756509,4.191671217
4.132667077,4.196158732
4.137616411,4.200517211
4.142563187,4.204878592
4.147657188,4.209375171
4.152598766,4.213742442
4.157537781,4.218112611
4.16262378,4.22261824
4.167557585,4.226994289
4.172488822,4.231373232
4.177566802,4.235887895
4.182492819,4.240272709
4.187416263,4.244660411
4.192486208,4.249184095
4.197404421,4.253577659
4.202320056,4.257974108
4.20738195,4.262506798
4.212292344,4.266909099
4.217200154,4.271314281
4.222253982,4.275855964
4.227156542,4.280266989
4.232056513,4.284680889
4.237102258,4.289231551
4.241996969,4.293651286
4.246889086,4.298073893
4.251926734,4.30263352
4.25681358,4.307061951
4.261697828,4.31149325
4.266727364,4.316061827
4.271606331,4.320498941
4.276482694,4.324938917
4.281504101,4.32951643
4.286375172,4.333962213
4.291243635,4.338410852
4.296256897,4.342997286
4.301120058,4.347451721
4.305980605,4.351909009
4.310985705,4.356504348
4.315840939,4.360967423
4.320693554,4.365433345
4.325690477,4.370037575
4.330537768,4.374509274
4.335382435,4.378983816
4.340371164,4.383596922
4.345210497,4.388077231
4.350047201,4.392560379
4.35502772,4.397182347
4.35985908,4.401671253
4.364687806,4.406162992
4.369660099,4.410793808
4.374483471,4.415291296
4.379304204,4.419791614
4.384268257,4.424431263
4.389083626,4.42893732
4.39389635,4.433446203
4.398852148,4.438094671
4.403659499,4.442609283
4.408464202,4.447126716
4.413411729,4.451783989
4.418211047,4.456307143
4.423007712,4.460833112
4.427946953,4.465499174
4.432738224,4.470030855
4.437526836,4.474565345
4.442457775,4.479240183
4.447240983,4.483780374
4.452021527,4.488323372
4.456944148,4.493006968
4.461719277,4.497555657
4.466491737,4.502107146
4.471406024,4.506799486
4.476173059,4.511356657
4.48093742,4.515916623
4.485843356,4.520617692
4.490602282,4.52518333
4.495358528,4.529751759
4.500256098,4.534461543
4.505006899,4.539035634
4.509755015,4.543612511
4.514644204,4.548330994
4.519386866,4.552913524
4.524126838,4.557498836
4.529007631,4.562226004
4.533742138,4.566816959
4.538473951,4.571410691
4.543346333,4.57614653
4.548072671,4.580745896
4.552796311,4.585348035
4.557660267,4.59009253
4.562378423,4.594700292
4.567093875,4.599310823
4.57194939,4.604063959
4.576659348,4.608680104
4.581366597,4.613299011
4.586213656,4.618060773
4.590915401,4.622685285
4.595614433,4.627312554
4.600453019,4.632082927
4.605146536,4.63671579
4.609837335,4.641351406
4.614667433,4.646130373
4.619352707,4.650771573
4.624035257,4.655415521
4.628856852,4.660203067
4.633533868,4.664852589
4.638208154,4.669504854
4.64302123,4.674300963
4.647689972,4.678958792
4.65235598,4.68361936
4.657160522,4.688424018
4.661820975,4.69309014
4.66647869,4.697758995
4.671274683,4.702572188
4.675926834,4.707246587
4.680585513,4.711927672
4.685388716,4.7167484
4.69005348,4.721424514
4.694721217,4.726097929
4.699533423,4.730909947
4.704207023,4.735577501
4.708883583,4.740242201
4.713704916,4.745045187
4.718387411,4.749703928
4.723072918,4.754359774
4.727903513,4.759153581
4.732595043,4.763803358
4.737289605,4.768450174
4.742129564,4.773234633
4.746830214,4.777875291
4.751534026,4.782512992
4.756383606,4.787287958
4.761093678,4.791919305
4.765806982,4.796547587
4.770666419,4.801312757
4.775386136,4.805934504
4.780109008,4.810553027
4.784978479,4.815308215
4.789708029,4.81992017
4.794441036,4.824528894
4.799320982,4.829273672
4.804060804,4.833875393
4.80880414,4.838473734
4.813694808,4.84320771
4.818445117,4.84779885
4.823199043,4.852386521
4.828100718,4.85710939
4.832861803,4.861689635
4.837626856,4.866266417
4.842540241,4.870977801
4.847312926,4.875546638
4.852089786,4.880111742
4.857015563,4.884810836
4.861800493,4.889367491
4.866589913,4.893920209
4.871528911,4.898606224
4.876326944,4.903149878
4.88113013,4.907689462
4.886083815,4.912361397
4.890896586,4.916890846
4.895714984,4.921415691
4.900684834,4.92607188
4.905513771,4.930585502
4.910349115,4.935094114
4.915337089,4.939732833
4.920184252,4.944228771
4.925038943,4.948719185
4.930047779,4.953338111
4.934916082,4.957813816
4.93979263,4.962282914
4.9448248,4.966878907
4.949716542,4.971331412
4.954620812,4.975777758
4.95968457,4.980347326
4.964609665,4.984771085
4.968989932,4.988639709
4.972386672,4.991510354
4.974598518,4.993264692
4.975737979,4.994131689
4.975908906,4.99426041
4.975908902,4.994260348
4.975908881,4.994260399
4.975908854,4.994260462
4.975908828,4.994260524