rosbagTimestamp,linear,x,y,z,angular,x,y,z
216651000000,,0.1,0.0,0.0,,0.0,0.0,-0.3
216751000000,,0.1,0.0,0.0,,0.0,0.0,-0.3
216852000000,,0.1,0.0,0.0,,0.0,0.0,-0.3
216951000000,,0.1,0.0,0.0,,0.0,0.0,-0.3
217054000000,,0.1,0.0,0.0,,0.0,0.0,-0.3
217153000000,,0.1,0.0,0.0,,0.0,0.0,-0.3
217251000000,,0.1,0.0,0.0,,0.0,0.0,-0.3
217351000000,,0.1,0.0,0.0,,0.0,0.0,-0.3
217453000000,,0.1,0.0,0.0,,0.0,0.0,-0.3
217555000000,,0.1,0.0,0.0,,0.0,0.0,-0.3
217651000000,,0.1,0.0,0.0,,0.0,0.0,-0.3
217750000000,,0.2,0.0,0.0,,0.0,0.0,0.422293229721
217850000000,,0.2,0.0,0.0,,0.0,0.0,0.428926662074
217951000000,,0.2,0.0,0.0,,0.0,0.0,0.419302432929
218052000000,,0.2,0.0,0.0,,0.0,0.0,0.405470489152
218151000000,,0.2,0.0,0.0,,0.0,0.0,0.392058284938
218251000000,,0.2,0.0,0.0,,0.0,0.0,0.379105467081
218351000000,,0.1,0.0,0.0,,0.0,0.0,-0.3
218455000000,,0.1,0.0,0.0,,0.0,0.0,-0.3
218552000000,,0.1,0.0,0.0,,0.0,0.0,-0.3
218652000000,,0.1,0.0,0.0,,0.0,0.0,-0.3
218763000000,,0.1,0.0,0.0,,0.0,0.0,-0.3
218851000000,,0.1,0.0,0.0,,0.0,0.0,-0.3
218959000000,,0.2,0.0,0.0,,0.0,0.0,0.405121645967
219051000000,,0.2,0.0,0.0,,0.0,0.0,0.41567760412
219153000000,,0.2,0.0,0.0,,0.0,0.0,0.411194584469
219251000000,,0.2,0.0,0.0,,0.0,0.0,0.397686306891
219351000000,,0.2,0.0,0.0,,0.0,0.0,0.384394412145
219453000000,,0.2,0.0,0.0,,0.0,0.0,0.367420104376
219551000000,,0.2,0.0,0.0,,0.0,0.0,0.359209245561
219651000000,,0.2,0.0,0.0,,0.0,0.0,0.343481977181
219752000000,,0.1,0.0,0.0,,0.0,0.0,-0.3
219852000000,,0.1,0.0,0.0,,0.0,0.0,-0.3
219953000000,,0.1,0.0,0.0,,0.0,0.0,-0.3
220052000000,,0.1,0.0,0.0,,0.0,0.0,-0.3
220153000000,,0.1,0.0,0.0,,0.0,0.0,-0.3
220255000000,,0.1,0.0,0.0,,0.0,0.0,-0.3
220353000000,,0.2,0.0,0.0,,0.0,0.0,0.373722182663
220451000000,,0.2,0.0,0.0,,0.0,0.0,0.381207784584
220552000000,,0.2,0.0,0.0,,0.0,0.0,0.373839223509
220651000000,,0.2,0.0,0.0,,0.0,0.0,0.361590645448
220753000000,,0.2,0.0,0.0,,0.0,0.0,0.34969635515
220853000000,,0.2,0.0,0.0,,0.0,0.0,0.338205689508
220951000000,,0.2,0.0,0.0,,0.0,0.0,0.327104588627
221051000000,,0.2,0.0,0.0,,0.0,0.0,0.316378878145
221152000000,,0.1,0.0,0.0,,0.0,0.0,-0.3
221251000000,,0.1,0.0,0.0,,0.0,0.0,-0.3
221356000000,,0.1,0.0,0.0,,0.0,0.0,-0.3
221452000000,,0.1,0.0,0.0,,0.0,0.0,-0.3
221553000000,,0.2,0.0,0.0,,0.0,0.0,0.324942516371
221651000000,,0.2,0.0,0.0,,0.0,0.0,0.33359672824
221754000000,,0.2,0.0,0.0,,0.0,0.0,0.329311491837
221853000000,,0.2,0.0,0.0,,0.0,0.0,0.318602025206
221952000000,,0.2,0.0,0.0,,0.0,0.0,0.308173560606
222054000000,,0.2,0.0,0.0,,0.0,0.0,0.298095307738
222156000000,,0.2,0.0,0.0,,0.0,0.0,0.288355654296
222251000000,,0.2,0.0,0.0,,0.0,0.0,0.278942519052
222353000000,,0.1,0.0,0.0,,0.0,0.0,-0.3
222453000000,,0.1,0.0,0.0,,0.0,0.0,-0.3
222553000000,,0.1,0.0,0.0,,0.0,0.0,-0.3
222651000000,,0.1,0.0,0.0,,0.0,0.0,-0.3
222751000000,,0.2,0.0,0.0,,0.0,0.0,0.291781763705
222855000000,,0.2,0.0,0.0,,0.0,0.0,0.300609582523
222952000000,,0.2,0.0,0.0,,0.0,0.0,0.297081879073
223052000000,,0.2,0.0,0.0,,0.0,0.0,0.287463761849
223158000000,,0.2,0.0,0.0,,0.0,0.0,0.278090826512
223253000000,,0.2,0.0,0.0,,0.0,0.0,0.269030171053
223357000000,,0.2,0.0,0.0,,0.0,0.0,0.260271878706
223458000000,,0.2,0.0,0.0,,0.0,0.0,0.251805555491
223552000000,,0.2,0.0,0.0,,0.0,0.0,0.243620877089
223651000000,,0.2,0.0,0.0,,0.0,0.0,0.23570374311
223751000000,,0.2,0.0,0.0,,0.0,0.0,0.228049482483
223853000000,,0.2,0.0,0.0,,0.0,0.0,0.220648970428
223952000000,,0.2,0.0,0.0,,0.0,0.0,0.213493463622
224054000000,,0.2,0.0,0.0,,0.0,0.0,0.206574543071
224152000000,,0.2,0.0,0.0,,0.0,0.0,0.199884102418
224252000000,,0.2,0.0,0.0,,0.0,0.0,0.193414336014
224352000000,,0.1,0.0,0.0,,0.0,0.0,-0.3
224451000000,,0.1,0.0,0.0,,0.0,0.0,-0.3
224552000000,,0.1,0.0,0.0,,0.0,0.0,-0.3
224653000000,,0.1,0.0,0.0,,0.0,0.0,-0.3
224752000000,,0.2,0.0,0.0,,0.0,0.0,0.213142403076
224854000000,,0.2,0.0,0.0,,0.0,0.0,0.221806402771
224951000000,,0.2,0.0,0.0,,0.0,0.0,0.219320111793
225052000000,,0.2,0.0,0.0,,0.0,0.0,0.212276593363
225152000000,,0.2,0.0,0.0,,0.0,0.0,0.205409682331
225255000000,,0.2,0.0,0.0,,0.0,0.0,0.198769541578
225361000000,,0.2,0.0,0.0,,0.0,0.0,0.192348824153
225451000000,,0.2,0.0,0.0,,0.0,0.0,0.186139834166
225561000000,,0.2,0.0,0.0,,0.0,0.0,0.180135210888
225656000000,,0.2,0.0,0.0,,0.0,0.0,0.174327912887
225754000000,,0.2,0.0,0.0,,0.0,0.0,0.168711193107
225855000000,,0.2,0.0,0.0,,0.0,0.0,0.16327857566
225952000000,,0.2,0.0,0.0,,0.0,0.0,0.158023834459
226051000000,,0.2,0.0,0.0,,0.0,0.0,0.152940983592
226156000000,,0.2,0.0,0.0,,0.0,0.0,0.148024257464
226259000000,,0.2,0.0,0.0,,0.0,0.0,0.14326809834
226351000000,,0.2,0.0,0.0,,0.0,0.0,0.138667145038
226454000000,,0.2,0.0,0.0,,0.0,0.0,0.134216223203
226552000000,,0.2,0.0,0.0,,0.0,0.0,0.129910337578
226653000000,,0.2,0.0,0.0,,0.0,0.0,0.125744665468
226751000000,,0.2,0.0,0.0,,0.0,0.0,0.121714550677
226854000000,,0.2,0.0,0.0,,0.0,0.0,0.117815497817
226952000000,,0.2,0.0,0.0,,0.0,0.0,0.114043167005
227051000000,,0.2,0.0,0.0,,0.0,0.0,0.110393368648
227152000000,,0.2,0.0,0.0,,0.0,0.0,0.106862057761
227257000000,,0.2,0.0,0.0,,0.0,0.0,0.103445327714
227352000000,,0.2,0.0,0.0,,0.0,0.0,0.100139403876
227451000000,,0.2,0.0,0.0,,0.0,0.0,0.0969406377963
227552000000,,0.2,0.0,0.0,,0.0,0.0,0.0938455022848
227653000000,,0.2,0.0,0.0,,0.0,0.0,0.0908505873327
227752000000,,0.2,0.0,0.0,,0.0,0.0,0.0879525967412
227855000000,,0.2,0.0,0.0,,0.0,0.0,0.085148345253
227953000000,,0.2,0.0,0.0,,0.0,0.0,0.0824347557996
228055000000,,0.2,0.0,0.0,,0.0,0.0,0.0798088563822
228157000000,,0.2,0.0,0.0,,0.0,0.0,0.0772677763309
228252000000,,0.2,0.0,0.0,,0.0,0.0,0.0748087420935
228352000000,,0.2,0.0,0.0,,0.0,0.0,0.0724290729047
228452000000,,0.2,0.0,0.0,,0.0,0.0,0.0701261765747
228551000000,,0.2,0.0,0.0,,0.0,0.0,0.0678975455593
228652000000,,0.2,0.0,0.0,,0.0,0.0,0.0657407534976
228752000000,,0.2,0.0,0.0,,0.0,0.0,0.0636534528475
228856000000,,0.2,0.0,0.0,,0.0,0.0,0.0616333732615
228952000000,,0.2,0.0,0.0,,0.0,0.0,0.0596783203899
229058000000,,0.2,0.0,0.0,,0.0,0.0,0.0577861742441
229155000000,,0.2,0.0,0.0,,0.0,0.0,0.0559548867887
229262000000,,0.2,0.0,0.0,,0.0,0.0,0.0541824790552
229352000000,,0.2,0.0,0.0,,0.0,0.0,0.0524670381945
229456000000,,0.2,0.0,0.0,,0.0,0.0,0.0508067145382
229566000000,,0.2,0.0,0.0,,0.0,0.0,0.0491997185382
229651000000,,0.2,0.0,0.0,,0.0,0.0,0.0476443177958
229756000000,,0.2,0.0,0.0,,0.0,0.0,0.046138834803
229863000000,,0.2,0.0,0.0,,0.0,0.0,0.0446816458101
229952000000,,0.2,0.0,0.0,,0.0,0.0,0.0432711804386
230057000000,,0.2,0.0,0.0,,0.0,0.0,0.0419059211205
230153000000,,0.2,0.0,0.0,,0.0,0.0,0.0405844017669
230261000000,,0.2,0.0,0.0,,0.0,0.0,0.0393052058346
230356000000,,0.2,0.0,0.0,,0.0,0.0,0.0380669642853
230460000000,,0.2,0.0,0.0,,0.0,0.0,0.0368683536121
230573000000,,0.2,0.0,0.0,,0.0,0.0,0.0357080938266
230660000000,,0.2,0.0,0.0,,0.0,0.0,0.0345849458915
230754000000,,0.2,0.0,0.0,,0.0,0.0,0.033497709463
230855000000,,0.2,0.0,0.0,,0.0,0.0,0.0324452214716
230956000000,,0.2,0.0,0.0,,0.0,0.0,0.0314263561168
231059000000,,0.2,0.0,0.0,,0.0,0.0,0.0304400247732
231151000000,,0.2,0.0,0.0,,0.0,0.0,0.029485175615
231253000000,,0.2,0.0,0.0,,0.0,0.0,0.0285607928001
231354000000,,0.2,0.0,0.0,,0.0,0.0,0.0276658949173
231456000000,,0.2,0.0,0.0,,0.0,0.0,0.026799533631
231559000000,,0.2,0.0,0.0,,0.0,0.0,0.0259607920708
231654000000,,0.2,0.0,0.0,,0.0,0.0,0.0251487828378
231754000000,,0.2,0.0,0.0,,0.0,0.0,0.0243626460644
231859000000,,0.2,0.0,0.0,,0.0,0.0,0.0236015474884
231962000000,,0.2,0.0,0.0,,0.0,0.0,0.0228646782
232052000000,,0.2,0.0,0.0,,0.0,0.0,0.022151255417
232156000000,,0.2,0.0,0.0,,0.0,0.0,0.0214605226771
232253000000,,0.2,0.0,0.0,,0.0,0.0,0.0207917495589
232359000000,,0.2,0.0,0.0,,0.0,0.0,0.0201442310558
232451000000,,0.2,0.0,0.0,,0.0,0.0,0.019517286778
232558000000,,0.2,0.0,0.0,,0.0,0.0,0.0189102595642
232657000000,,0.2,0.0,0.0,,0.0,0.0,0.0183225139041
232752000000,,0.2,0.0,0.0,,0.0,0.0,0.0177534339142
232855000000,,0.2,0.0,0.0,,0.0,0.0,0.0177534339142
232961000000,,0.2,0.0,0.0,,0.0,0.0,0.0177534339142
233054000000,,0.2,0.0,0.0,,0.0,0.0,0.0177534339142
233161000000,,0.2,0.0,0.0,,0.0,0.0,0.0177534339142
233252000000,,0.2,0.0,0.0,,0.0,0.0,0.0177534339142
233355000000,,0.2,0.0,0.0,,0.0,0.0,0.0177534339142
233454000000,,0.2,0.0,0.0,,0.0,0.0,0.0177534339142
233557000000,,0.2,0.0,0.0,,0.0,0.0,0.0177534339142
233658000000,,0.2,0.0,0.0,,0.0,0.0,0.0177534339142
233754000000,,0.2,0.0,0.0,,0.0,0.0,0.0177534339142
233861000000,,0.2,0.0,0.0,,0.0,0.0,0.0177534339142
233958000000,,0.2,0.0,0.0,,0.0,0.0,0.0177534339142
234052000000,,0.2,0.0,0.0,,0.0,0.0,0.0177534339142
234165000000,,0.2,0.0,0.0,,0.0,0.0,0.0177534339142
234263000000,,0.2,0.0,0.0,,0.0,0.0,0.0177534339142
234360000000,,0.2,0.0,0.0,,0.0,0.0,0.0177534339142
234455000000,,0.2,0.0,0.0,,0.0,0.0,0.0177534339142
234552000000,,0.2,0.0,0.0,,0.0,0.0,0.0177534339142
234660000000,,0.2,0.0,0.0,,0.0,0.0,0.0177534339142
234760000000,,0.2,0.0,0.0,,0.0,0.0,0.0177534339142
234852000000,,0.2,0.0,0.0,,0.0,0.0,0.0177534339142
234960000000,,0.2,0.0,0.0,,0.0,0.0,0.0177534339142
235056000000,,0.2,0.0,0.0,,0.0,0.0,0.0177534339142
235172000000,,0.2,0.0,0.0,,0.0,0.0,0.0177534339142
235251000000,,0.2,0.0,0.0,,0.0,0.0,0.0177534339142
235362000000,,0.2,0.0,0.0,,0.0,0.0,0.0177534339142
235452000000,,0.2,0.0,0.0,,0.0,0.0,0.0177534339142
235558000000,,0.2,0.0,0.0,,0.0,0.0,0.0177534339142
235651000000,,0.2,0.0,0.0,,0.0,0.0,0.0177534339142
235751000000,,0.2,0.0,0.0,,0.0,0.0,0.0177534339142
235856000000,,0.2,0.0,0.0,,0.0,0.0,0.0177534339142
235951000000,,0.2,0.0,0.0,,0.0,0.0,0.0177534339142
236059000000,,0.2,0.0,0.0,,0.0,0.0,0.0177534339142
236151000000,,0.2,0.0,0.0,,0.0,0.0,0.0177534339142
236255000000,,0.2,0.0,0.0,,0.0,0.0,0.0177534339142
236362000000,,0.2,0.0,0.0,,0.0,0.0,0.0177534339142
236453000000,,0.2,0.0,0.0,,0.0,0.0,0.0177534339142
236555000000,,0.2,0.0,0.0,,0.0,0.0,0.0177534339142
236656000000,,0.2,0.0,0.0,,0.0,0.0,0.0177534339142
236756000000,,0.2,0.0,0.0,,0.0,0.0,0.0177534339142
236853000000,,0.2,0.0,0.0,,0.0,0.0,0.0177534339142
236957000000,,0.2,0.0,0.0,,0.0,0.0,0.0177534339142
237058000000,,0.2,0.0,0.0,,0.0,0.0,0.0177534339142
237159000000,,0.2,0.0,0.0,,0.0,0.0,0.0177534339142
237254000000,,0.2,0.0,0.0,,0.0,0.0,0.0177534339142
237354000000,,0.2,0.0,0.0,,0.0,0.0,0.0177534339142
237453000000,,0.2,0.0,0.0,,0.0,0.0,0.0177534339142
237559000000,,0.2,0.0,0.0,,0.0,0.0,0.0177534339142
237658000000,,0.2,0.0,0.0,,0.0,0.0,0.0177534339142
237763000000,,0.2,0.0,0.0,,0.0,0.0,0.0177534339142
237857000000,,0.2,0.0,0.0,,0.0,0.0,0.0177534339142
237960000000,,0.2,0.0,0.0,,0.0,0.0,0.0177534339142
238061000000,,0.2,0.0,0.0,,0.0,0.0,0.0177534339142
238159000000,,0.2,0.0,0.0,,0.0,0.0,0.0177534339142
238256000000,,0.2,0.0,0.0,,0.0,0.0,0.0177534339142
238361000000,,0.2,0.0,0.0,,0.0,0.0,0.0177534339142
238454000000,,0.2,0.0,0.0,,0.0,0.0,0.0177534339142
238551000000,,0.2,0.0,0.0,,0.0,0.0,-0.0181223635318
238658000000,,0.2,0.0,0.0,,0.0,0.0,-0.0180281147453
238752000000,,0.2,0.0,0.0,,0.0,0.0,-0.0175003031819
238860000000,,0.2,0.0,0.0,,0.0,0.0,-0.0175003031819
238952000000,,0.2,0.0,0.0,,0.0,0.0,-0.0175003031819
239055000000,,0.2,0.0,0.0,,0.0,0.0,-0.0175003031819
239153000000,,0.2,0.0,0.0,,0.0,0.0,-0.0175003031819
239253000000,,0.2,0.0,0.0,,0.0,0.0,-0.0175003031819
239362000000,,0.2,0.0,0.0,,0.0,0.0,-0.0175003031819
239452000000,,0.2,0.0,0.0,,0.0,0.0,-0.0175003031819
239559000000,,0.2,0.0,0.0,,0.0,0.0,-0.0175003031819
239661000000,,0.2,0.0,0.0,,0.0,0.0,-0.0175003031819
239752000000,,0.2,0.0,0.0,,0.0,0.0,-0.0175003031819
239853000000,,0.2,0.0,0.0,,0.0,0.0,-0.0175003031819
239955000000,,0.2,0.0,0.0,,0.0,0.0,-0.0175003031819
240056000000,,0.2,0.0,0.0,,0.0,0.0,-0.0175003031819
240153000000,,0.2,0.0,0.0,,0.0,0.0,-0.0175003031819
240264000000,,0.2,0.0,0.0,,0.0,0.0,-0.0175003031819
240354000000,,0.2,0.0,0.0,,0.0,0.0,-0.0175003031819
240452000000,,0.2,0.0,0.0,,0.0,0.0,-0.0175003031819
240553000000,,0.2,0.0,0.0,,0.0,0.0,-0.0175003031819
240651000000,,0.2,0.0,0.0,,0.0,0.0,-0.0175003031819
240759000000,,0.2,0.0,0.0,,0.0,0.0,-0.0175003031819
240854000000,,0.2,0.0,0.0,,0.0,0.0,-0.0175003031819
240959000000,,0.2,0.0,0.0,,0.0,0.0,-0.0175003031819
241056000000,,0.2,0.0,0.0,,0.0,0.0,-0.0175003031819
241157000000,,0.2,0.0,0.0,,0.0,0.0,-0.0175003031819
241255000000,,0.2,0.0,0.0,,0.0,0.0,-0.0175003031819
241377000000,,0.2,0.0,0.0,,0.0,0.0,-0.0175003031819
241453000000,,0.2,0.0,0.0,,0.0,0.0,-0.0175003031819
241551000000,,0.2,0.0,0.0,,0.0,0.0,-0.0175003031819
241661000000,,0.2,0.0,0.0,,0.0,0.0,-0.0175003031819
241753000000,,0.2,0.0,0.0,,0.0,0.0,-0.0175003031819
241854000000,,0.2,0.0,0.0,,0.0,0.0,-0.0175003031819
241956000000,,0.2,0.0,0.0,,0.0,0.0,-0.0175003031819
242056000000,,0.2,0.0,0.0,,0.0,0.0,-0.0175003031819
242158000000,,0.2,0.0,0.0,,0.0,0.0,-0.0175003031819
242271000000,,0.2,0.0,0.0,,0.0,0.0,-0.0175003031819
242354000000,,0.2,0.0,0.0,,0.0,0.0,-0.0175003031819
242462000000,,0.2,0.0,0.0,,0.0,0.0,-0.0175003031819
242552000000,,0.2,0.0,0.0,,0.0,0.0,-0.0175003031819
242651000000,,0.2,0.0,0.0,,0.0,0.0,-0.0175003031819
242752000000,,0.2,0.0,0.0,,0.0,0.0,-0.0175003031819
242859000000,,0.2,0.0,0.0,,0.0,0.0,-0.0175003031819
242961000000,,0.2,0.0,0.0,,0.0,0.0,-0.0175003031819
243060000000,,0.2,0.0,0.0,,0.0,0.0,-0.0175003031819
243159000000,,0.2,0.0,0.0,,0.0,0.0,-0.0175003031819
243256000000,,0.2,0.0,0.0,,0.0,0.0,-0.0175003031819
243362000000,,0.2,0.0,0.0,,0.0,0.0,-0.0175003031819
243460000000,,0.2,0.0,0.0,,0.0,0.0,-0.0175003031819
243551000000,,0.2,0.0,0.0,,0.0,0.0,-0.0175003031819
243657000000,,0.2,0.0,0.0,,0.0,0.0,-0.0175003031819
243754000000,,0.2,0.0,0.0,,0.0,0.0,-0.0175003031819
243856000000,,0.2,0.0,0.0,,0.0,0.0,-0.0175003031819
243954000000,,0.2,0.0,0.0,,0.0,0.0,-0.0175003031819
244056000000,,0.2,0.0,0.0,,0.0,0.0,-0.0175003031819
244161000000,,0.2,0.0,0.0,,0.0,0.0,-0.0175003031819
244257000000,,0.2,0.0,0.0,,0.0,0.0,-0.0175003031819
244355000000,,0.2,0.0,0.0,,0.0,0.0,-0.0175003031819
244460000000,,0.2,0.0,0.0,,0.0,0.0,-0.0175003031819
244557000000,,0.2,0.0,0.0,,0.0,0.0,0.0178063201413
244655000000,,0.2,0.0,0.0,,0.0,0.0,0.0177623274921
244753000000,,0.2,0.0,0.0,,0.0,0.0,0.0177623274921
244858000000,,0.2,0.0,0.0,,0.0,0.0,0.0177623274921
244953000000,,0.2,0.0,0.0,,0.0,0.0,0.0177623274921
245053000000,,0.2,0.0,0.0,,0.0,0.0,0.0177623274921
245153000000,,0.2,0.0,0.0,,0.0,0.0,0.0177623274921
245262000000,,0.2,0.0,0.0,,0.0,0.0,0.0177623274921
245354000000,,0.2,0.0,0.0,,0.0,0.0,0.0177623274921
245463000000,,0.2,0.0,0.0,,0.0,0.0,0.0177623274921
245560000000,,0.2,0.0,0.0,,0.0,0.0,0.0177623274921
245656000000,,0.2,0.0,0.0,,0.0,0.0,0.0177623274921
245762000000,,0.2,0.0,0.0,,0.0,0.0,0.0177623274921
245854000000,,0.2,0.0,0.0,,0.0,0.0,0.0177623274921
245955000000,,0.2,0.0,0.0,,0.0,0.0,0.0177623274921
246053000000,,0.2,0.0,0.0,,0.0,0.0,0.0177623274921
246157000000,,0.2,0.0,0.0,,0.0,0.0,0.0177623274921
246256000000,,0.2,0.0,0.0,,0.0,0.0,0.0177623274921
246354000000,,0.2,0.0,0.0,,0.0,0.0,0.0177623274921
246455000000,,0.2,0.0,0.0,,0.0,0.0,0.0177623274921
246554000000,,0.2,0.0,0.0,,0.0,0.0,0.0177623274921
246653000000,,0.2,0.0,0.0,,0.0,0.0,0.0177623274921
246754000000,,0.2,0.0,0.0,,0.0,0.0,0.0177623274921
246858000000,,0.2,0.0,0.0,,0.0,0.0,0.0177623274921
246953000000,,0.2,0.0,0.0,,0.0,0.0,0.0177623274921
247052000000,,0.2,0.0,0.0,,0.0,0.0,0.0177623274921
247153000000,,0.2,0.0,0.0,,0.0,0.0,0.0177623274921
247252000000,,0.2,0.0,0.0,,0.0,0.0,0.0177623274921
247362000000,,0.2,0.0,0.0,,0.0,0.0,0.0177623274921
247451000000,,0.2,0.0,0.0,,0.0,0.0,0.0177623274921
247558000000,,0.2,0.0,0.0,,0.0,0.0,0.0177623274921
247652000000,,0.2,0.0,0.0,,0.0,0.0,0.0177623274921
247757000000,,0.2,0.0,0.0,,0.0,0.0,0.0177623274921
247852000000,,0.2,0.0,0.0,,0.0,0.0,0.0177623274921
247952000000,,0.2,0.0,0.0,,0.0,0.0,0.0177623274921
248056000000,,0.2,0.0,0.0,,0.0,0.0,0.0177623274921
248158000000,,0.2,0.0,0.0,,0.0,0.0,0.0177623274921
248254000000,,0.2,0.0,0.0,,0.0,0.0,0.0177623274921
248353000000,,0.2,0.0,0.0,,0.0,0.0,0.0177623274921
248457000000,,0.2,0.0,0.0,,0.0,0.0,0.0177623274921
248551000000,,0.2,0.0,0.0,,0.0,0.0,0.0177623274921
248651000000,,0.2,0.0,0.0,,0.0,0.0,0.0177623274921
248755000000,,0.2,0.0,0.0,,0.0,0.0,0.0177623274921
248853000000,,0.2,0.0,0.0,,0.0,0.0,0.0177623274921
248957000000,,0.2,0.0,0.0,,0.0,0.0,0.0177623274921
249056000000,,0.2,0.0,0.0,,0.0,0.0,0.0177623274921
249154000000,,0.2,0.0,0.0,,0.0,0.0,0.0177623274921
249253000000,,0.2,0.0,0.0,,0.0,0.0,0.0177623274921
249352000000,,0.2,0.0,0.0,,0.0,0.0,0.0177623274921
249483000000,,0.2,0.0,0.0,,0.0,0.0,0.0177623274921
249559000000,,0.2,0.0,0.0,,0.0,0.0,0.0177623274921
249666000000,,0.2,0.0,0.0,,0.0,0.0,0.0177623274921
249766000000,,0.2,0.0,0.0,,0.0,0.0,0.0177623274921
249856000000,,0.2,0.0,0.0,,0.0,0.0,0.0177623274921
249951000000,,0.2,0.0,0.0,,0.0,0.0,0.0177623274921
250051000000,,0.2,0.0,0.0,,0.0,0.0,0.0177623274921
250156000000,,0.2,0.0,0.0,,0.0,0.0,0.0177623274921
250251000000,,0.2,0.0,0.0,,0.0,0.0,0.0177623274921
250360000000,,0.2,0.0,0.0,,0.0,0.0,0.0177623274921
250454000000,,0.2,0.0,0.0,,0.0,0.0,-0.0182211781106
250557000000,,0.2,0.0,0.0,,0.0,0.0,-0.0184344955939
250652000000,,0.2,0.0,0.0,,0.0,0.0,-0.0179914512619
250757000000,,0.2,0.0,0.0,,0.0,0.0,-0.017664141258
250854000000,,0.2,0.0,0.0,,0.0,0.0,-0.017664141258
250972000000,,0.2,0.0,0.0,,0.0,0.0,-0.017664141258
251052000000,,0.2,0.0,0.0,,0.0,0.0,-0.017664141258
251151000000,,0.2,0.0,0.0,,0.0,0.0,-0.017664141258
251260000000,,0.2,0.0,0.0,,0.0,0.0,-0.017664141258
251352000000,,0.2,0.0,0.0,,0.0,0.0,-0.017664141258
251459000000,,0.2,0.0,0.0,,0.0,0.0,-0.017664141258
251552000000,,0.2,0.0,0.0,,0.0,0.0,-0.017664141258
251657000000,,0.2,0.0,0.0,,0.0,0.0,-0.017664141258
251752000000,,0.2,0.0,0.0,,0.0,0.0,-0.017664141258
251857000000,,0.2,0.0,0.0,,0.0,0.0,-0.017664141258
251961000000,,0.2,0.0,0.0,,0.0,0.0,-0.017664141258
252053000000,,0.2,0.0,0.0,,0.0,0.0,-0.017664141258
252160000000,,0.2,0.0,0.0,,0.0,0.0,-0.017664141258
252256000000,,0.2,0.0,0.0,,0.0,0.0,-0.017664141258
252359000000,,0.2,0.0,0.0,,0.0,0.0,-0.017664141258
252451000000,,0.2,0.0,0.0,,0.0,0.0,-0.017664141258
252553000000,,0.2,0.0,0.0,,0.0,0.0,-0.017664141258
252652000000,,0.2,0.0,0.0,,0.0,0.0,-0.017664141258
252751000000,,0.2,0.0,0.0,,0.0,0.0,-0.017664141258
252857000000,,0.2,0.0,0.0,,0.0,0.0,-0.017664141258
252952000000,,0.2,0.0,0.0,,0.0,0.0,-0.017664141258
253055000000,,0.2,0.0,0.0,,0.0,0.0,-0.017664141258
253154000000,,0.2,0.0,0.0,,0.0,0.0,-0.017664141258
253258000000,,0.2,0.0,0.0,,0.0,0.0,-0.017664141258
253351000000,,0.2,0.0,0.0,,0.0,0.0,-0.017664141258
253458000000,,0.2,0.0,0.0,,0.0,0.0,-0.017664141258
253558000000,,0.2,0.0,0.0,,0.0,0.0,-0.017664141258
253661000000,,0.2,0.0,0.0,,0.0,0.0,-0.017664141258
253751000000,,0.2,0.0,0.0,,0.0,0.0,-0.017664141258
253868000000,,0.2,0.0,0.0,,0.0,0.0,-0.017664141258
253956000000,,0.2,0.0,0.0,,0.0,0.0,-0.017664141258
254061000000,,0.2,0.0,0.0,,0.0,0.0,-0.017664141258
254151000000,,0.2,0.0,0.0,,0.0,0.0,-0.017664141258
254258000000,,0.2,0.0,0.0,,0.0,0.0,-0.017664141258
254354000000,,0.2,0.0,0.0,,0.0,0.0,-0.017664141258
254453000000,,0.2,0.0,0.0,,0.0,0.0,-0.017664141258
254552000000,,0.2,0.0,0.0,,0.0,0.0,-0.017664141258
254662000000,,0.2,0.0,0.0,,0.0,0.0,-0.017664141258
254755000000,,0.2,0.0,0.0,,0.0,0.0,-0.017664141258
254858000000,,0.2,0.0,0.0,,0.0,0.0,-0.017664141258
254954000000,,0.2,0.0,0.0,,0.0,0.0,-0.017664141258
255056000000,,0.2,0.0,0.0,,0.0,0.0,-0.017664141258
255152000000,,0.2,0.0,0.0,,0.0,0.0,-0.017664141258
255256000000,,0.2,0.0,0.0,,0.0,0.0,-0.017664141258
255365000000,,0.2,0.0,0.0,,0.0,0.0,-0.017664141258
255452000000,,0.2,0.0,0.0,,0.0,0.0,-0.017664141258
255551000000,,0.2,0.0,0.0,,0.0,0.0,-0.017664141258
255653000000,,0.2,0.0,0.0,,0.0,0.0,-0.017664141258
255760000000,,0.2,0.0,0.0,,0.0,0.0,-0.017664141258
255857000000,,0.2,0.0,0.0,,0.0,0.0,-0.017664141258
255952000000,,0.2,0.0,0.0,,0.0,0.0,-0.017664141258
256052000000,,0.2,0.0,0.0,,0.0,0.0,-0.017664141258
256151000000,,0.2,0.0,0.0,,0.0,0.0,-0.017664141258
256255000000,,0.2,0.0,0.0,,0.0,0.0,-0.017664141258
256356000000,,0.2,0.0,0.0,,0.0,0.0,-0.017664141258
256467000000,,0.0,0.0,0.0,,0.0,0.0,0.0
256556000000,,0.0,0.0,0.0,,0.0,0.0,0.0
256653000000,,0.0,0.0,0.0,,0.0,0.0,0.0
256759000000,,0.0,0.0,0.0,,0.0,0.0,0.0
256851000000,,0.0,0.0,0.0,,0.0,0.0,0.0
256960000000,,0.0,0.0,0.0,,0.0,0.0,0.0
257055000000,,0.0,0.0,0.0,,0.0,0.0,0.0
257161000000,,0.0,0.0,0.0,,0.0,0.0,0.0
257276000000,,0.0,0.0,0.0,,0.0,0.0,0.0
257371000000,,0.0,0.0,0.0,,0.0,0.0,0.0
257452000000,,0.0,0.0,0.0,,0.0,0.0,0.0
257555000000,,0.0,0.0,0.0,,0.0,0.0,0.0
257654000000,,0.0,0.0,0.0,,0.0,0.0,0.0
257757000000,,0.0,0.0,0.0,,0.0,0.0,0.0
257855000000,,0.0,0.0,0.0,,0.0,0.0,0.0
257954000000,,0.0,0.0,0.0,,0.0,0.0,0.0
258057000000,,0.0,0.0,0.0,,0.0,0.0,0.0
258154000000,,0.0,0.0,0.0,,0.0,0.0,0.0
258252000000,,0.0,0.0,0.0,,0.0,0.0,0.0
258356000000,,0.0,0.0,0.0,,0.0,0.0,0.0
258453000000,,0.0,0.0,0.0,,0.0,0.0,0.0
258559000000,,0.0,0.0,0.0,,0.0,0.0,0.0
